{
    "M": 0.03318077803203661,
    "2": 0.032036613272311214,
    "9": 0.06178489702517163,
    "1": 0.036613272311212815,
    "T": 0.05034324942791762,
    "P": 0.08810068649885583,
    "E": 0.006864988558352402,
    "/": 0.08581235697940504,
    "6": 0.004576659038901602,
    "X": 0.017162471395881007,
    "Z": 0.14988558352402745,
    "-": 0.004576659038901602,
    "0": 0.010297482837528604,
    "O": 0.06064073226544622,
    "3": 0.043478260869565216,
    "`": 0.013729977116704805,
    "Q": 0.05148741418764302,
    "\\": 0.014874141876430207,
    "D": 0.004576659038901602,
    "R": 0.038901601830663615,
    "W": 0.018306636155606407,
    ";": 0.013729977116704805,
    "C": 0.006864988558352402,
    "\n": 0.012585812356979404,
    "8": 0.012585812356979404,
    "N": 0.041189931350114416,
    "K": 0.005720823798627002,
    "I": 0.014874141876430207,
    "4": 0.0011441647597254005,
    "F": 0.03318077803203661,
    "S": 0.011441647597254004,
    "?": 0.008009153318077803,
    "5": 0.004576659038901602,
    "V": 0.0011441647597254005,
    "7": 0.005720823798627002
}